,file_name,align/measure,H K L,energy_start,energy_end,energy_step,num_data_command,num_data_measured,mon,measure_date,measure_delta_time(min),instrument_setting_time(min),measure_time(min),command
0,049959,align,,,,,,,,24-May-24 11:24:58,4.7,4.3,0.4,sc a3 1.76 da3 0.5 np 21 ti 1
1,049960,align,,,,,,,,24-May-24 11:29:38,3.0,2.5,0.5,sc a3 53.42 da3 0.5 np 31 ti 1
2,049961,align,,,,,,,,24-May-24 11:32:35,1.1,1.0,0.1,bs a3 61 da3 0.5 np 21 ti 1
3,049962,align,,,,,,,,24-May-24 11:33:40,2.1,1.9,0.2,bs a3 61 da3 0.5 np 21 ti 1
4,049963,align,,,,,,,,24-May-24 11:35:47,7.0,6.8,0.2,sc gu 0 dgu 1 np 13 ti 1
5,049964,align,,,,,,,,24-May-24 11:42:46,2.2,1.8,0.4,sc a3 -10.75 da3 0.5 np 21 ti 1
6,049965,align,,,,,,,,24-May-24 11:45:01,4.2,4.1,0.1,bs a3 -5.25 da3 0.5 np 15 ti 1
7,049966,align,,,,,,,,24-May-24 11:49:11,5.1,4.4,0.7,sc a3 -53.72 da3 0.5 np 41 ti 1
8,049967,align,,,,,,,,24-May-24 11:54:19,3.0,2.8,0.2,sc gl 0 dgl 1 np 13 ti 1
9,049968,align,,,,,,,,24-May-24 11:57:16,1.4,1.2,0.2,sc a3 -53.72 da3 0.25 np 21 ti 1
10,049969,align,,,,,,,,24-May-24 11:58:43,7.0,6.6,0.4,sc a3 -53.72 da3 0.25 np 21 ti 1
11,049970,align,,,,,,,,24-May-24 12:05:46,2.6,2.2,0.4,sc a3 53.42 da3 0.25 np 21 ti 1
12,049971,align,,,,,,,,24-May-24 12:08:21,5.7,5.3,0.4,sc qh 6 0 0 0 dqh 0.01 0 0 0 np 21 ti 1
13,049972,align,,,,,,,,24-May-24 12:14:02,16.9,16.5,0.4,sc qh 6 0 0 0 dqh 0.02 0 0 0 np 21 ti 1
14,049973,align,,,,,,,,24-May-24 12:30:54,4.7,4.2,0.5,sc a3 37.18 da3 0.2 np 31 ti 1
15,049974,align,,,,,,,,24-May-24 12:35:38,19.8,19.0,0.8,sc qh 8 0 0 0 dqh 0.02 0 0 0 np 51 ti 1
16,049975,align,,,,,,,,24-May-24 12:55:24,28.4,28.0,0.4,sc qh 0 0 4 0 dqh 0 0 0.01 0 np 21 ti 1
17,049976,align,,,,,,,,24-May-24 13:23:47,2.3,1.9,0.4,sc a3 -43.2 da3 0.2 np 21 ti 1
18,049977,align,,,,,,,,24-May-24 13:26:05,6.3,5.9,0.4,sc qh 0 0 4 0 dqh 0 0 0.01 0 np 21 ti 1
19,049978,align,,,,,,,,24-May-24 13:32:21,5.2,4.8,0.4,sc a3 -43.30 da3 0.2 np 21
20,049979,align,,,,,,,,24-May-24 13:37:34,2.8,2.4,0.4,sc a3 37.18 da3 0.2 np 21
21,049980,align,,,,,,,,24-May-24 13:40:24,8.2,7.8,0.4,sc qh 8 0 0 0 dqh 0.02 0 0 0 np 25
22,049981,align,,,,,,,,24-May-24 13:48:37,4.5,4.1,0.4,sc a3 37 da3 0.2 np 21
23,049982,align,,,,,,,,24-May-24 13:53:09,4.2,3.4,0.8,bs d1t 30 dd1t -2 np 16 ti 3
24,049983,align,,,,,,,,24-May-24 13:57:21,2.4,1.6,0.8,bs d1b 30 dd1b -2 np 16 ti 3
25,049984,align,,,,,,,,24-May-24 13:59:48,1.3,0.9,0.4,bs d1l 15 dd1l -2 np 8 ti 3
26,049985,align,,,,,,,,24-May-24 14:01:05,1.3,0.9,0.4,bs d1r 15 dd1r -2 np 8 ti 3
27,049986,align,,,,,,,,24-May-24 14:02:22,3.1,2.3,0.8,bs d2t 30 dd2t -2 np 16 ti 3
28,049987,align,,,,,,,,24-May-24 14:05:28,2.8,2.0,0.8,bs d2b 30 dd2b -2 np 16 ti 3
29,049988,align,,,,,,,,24-May-24 14:08:13,1.2,0.8,0.4,bs d2l 15 dd2l -2 np 8 ti 3
30,049989,align,,,,,,,,24-May-24 14:09:28,4.4,4.0,0.4,bs d2r 15 dd2r -2 np 8 ti 3
31,049990,align,,,,,,,,24-May-24 14:13:51,2.8,2.0,0.8,bs d1t 30 dd1t -2 np 16 ti 3
32,049991,align,,,,,,,,24-May-24 14:16:42,2.4,1.6,0.8,bs d1b 30 dd1b -2 np 16 ti 3
33,049992,align,,,,,,,,24-May-24 14:19:09,1.3,0.9,0.4,bs d1l 15 dd1l -2 np 8 ti 3
34,049993,align,,,,,,,,24-May-24 14:20:25,1.3,0.9,0.4,bs d1r 15 dd1r -2 np 8 ti 3
35,049994,align,,,,,,,,24-May-24 14:21:42,2.8,2.0,0.8,bs d2t 30 dd2t -2 np 16 ti 3
36,049995,align,,,,,,,,24-May-24 14:24:28,2.8,2.0,0.8,bs d2b 30 dd2b -2 np 16 ti 3
37,049996,align,,,,,,,,24-May-24 14:27:14,1.2,0.8,0.4,bs d2l 15 dd2l -2 np 8 ti 3
38,049997,align,,,,,,,,24-May-24 14:28:28,21.9,21.5,0.4,bs d2r 15 dd2r -2 np 8 ti 3
39,049998,measure,9.0 0.0 0.0,10.0,30.0,0.5,41,41,45000,24-May-24 14:50:24,37.9,9.8,28.1,bs qh 9 0 0 10 dqh 0 0 0 0.5 np 41 mn 45000
40,049999,measure,8.0 0.0 0.0,10.0,30.0,0.5,41,41,50000,24-May-24 15:28:20,42.0,10.5,31.5,bs qh 8 0 0 10 dqh 0 0 0 0.5 np 41 mn 50000
41,050000,measure,-2.0 0.0 4.0,10.0,30.0,0.5,41,41,50000,24-May-24 16:10:23,41.0,9.4,31.6,bs qh -2 0 4 10 dqh 0 0 0 0.5 np 41 mn 50000
42,050001,measure,-3.0 0.0 4.0,10.0,30.0,0.5,41,41,50000,24-May-24 16:51:21,41.2,9.6,31.6,bs qh -3 0 4 10 dqh 0 0 0 0.5 np 41 mn 50000
43,050002,measure,5.0 0.0 3.0,10.0,30.0,0.5,41,41,50000,24-May-24 17:32:32,41.4,9.8,31.6,bs qh 5 0 3 10 dqh 0 0 0 0.5 np 41 mn 50000
44,050003,measure,6.0 0.0 3.0,10.0,30.0,0.5,41,41,50000,24-May-24 18:13:56,60.1,28.4,31.7,bs qh 6 0 3 10 dqh 0 0 0 0.5 np 41 mn 50000
45,050004,measure,9.0 0.0 0.0,30.5,40.5,0.5,21,21,50000,24-May-24 19:14:02,24.8,4.3,20.5,bs qh 9 0 0 30.5 dqh 0 0 0 0.5 np 21 mn 50000
46,050005,measure,8.0 0.0 0.0,30.5,40.5,0.5,21,21,50000,24-May-24 19:38:53,26.9,6.3,20.6,bs qh 8 0 0 30.5 dqh 0 0 0 0.5 np 21 mn 50000
47,050006,measure,-2.0 0.0 4.0,30.5,40.5,0.5,21,21,50000,24-May-24 20:05:45,24.7,4.1,20.6,bs qh -2 0 4 30.5 dqh 0 0 0 0.5 np 21 mn 50000
48,050007,measure,-3.0 0.0 4.0,30.5,40.5,0.5,21,21,50000,24-May-24 20:30:27,25.9,5.2,20.7,bs qh -3 0 4 30.5 dqh 0 0 0 0.5 np 21 mn 50000
49,050008,measure,5.0 0.0 3.0,30.5,40.5,0.5,21,21,50000,24-May-24 20:56:20,25.2,4.5,20.7,bs qh 5 0 3 30.5 dqh 0 0 0 0.5 np 21 mn 50000
50,050009,measure,6.0 0.0 3.0,30.5,40.5,0.5,21,21,50000,24-May-24 21:21:32,26.5,5.8,20.7,bs qh 6 0 3 30.5 dqh 0 0 0 0.5 np 21 mn 50000
51,050010,measure,9.1 0.0 0.0,10.0,40.0,0.5,61,61,50000,24-May-24 21:48:03,65.4,14.2,51.2,bs qh 9.1 0 0 10 dqh 0 0 0 0.5 np 61 mn 50000
52,050011,measure,9.2 0.0 0.0,10.0,40.0,0.5,61,61,50000,24-May-24 22:53:29,65.4,14.3,51.1,bs qh 9.2 0 0 10 dqh 0 0 0 0.5 np 61 mn 50000
53,050012,measure,9.3 0.0 0.0,10.0,40.0,0.5,61,61,50000,24-May-24 23:58:51,65.4,14.3,51.1,bs qh 9.3 0 0 10 dqh 0 0 0 0.5 np 61 mn 50000
54,050013,measure,9.4 0.0 0.0,10.0,40.0,0.5,61,61,50000,25-May-24 01:04:17,65.6,14.5,51.1,bs qh 9.4 0 0 10 dqh 0 0 0 0.5 np 61 mn 50000
55,050014,measure,9.5 0.0 0.0,10.0,40.0,0.5,61,61,50000,25-May-24 02:09:50,66.2,15.0,51.2,bs qh 9.5 0 0 10 dqh 0 0 0 0.5 np 61 mn 50000
56,050015,measure,-2.1 0.0 4.0,10.0,40.0,0.5,61,61,50000,25-May-24 03:15:59,64.6,13.6,51.0,bs qh -2.1 0 4 10 dqh 0 0 0 0.5 np 61 mn 50000
57,050016,measure,-2.2 0.0 4.0,10.0,40.0,0.5,61,61,50000,25-May-24 04:20:36,64.7,13.6,51.1,bs qh -2.2 0 4 10 dqh 0 0 0 0.5 np 61 mn 50000
58,050017,measure,-2.3 0.0 4.0,10.0,40.0,0.5,61,61,50000,25-May-24 05:25:20,64.7,13.6,51.1,bs qh -2.3 0 4 10 dqh 0 0 0 0.5 np 61 mn 50000
59,050018,measure,-2.4 0.0 4.0,10.0,40.0,0.5,61,61,50000,25-May-24 06:30:03,64.7,13.6,51.1,bs qh -2.4 0 4 10 dqh 0 0 0 0.5 np 61 mn 50000
60,050019,measure,-2.5 0.0 4.0,10.0,40.0,0.5,61,61,50000,25-May-24 07:34:47,64.7,13.6,51.1,bs qh -2.5 0 4 10 dqh 0 0 0 0.5 np 61 mn 50000
61,050020,measure,6.1 0.0 3.0,10.0,40.0,0.5,61,61,50000,25-May-24 08:39:30,65.9,14.7,51.2,bs qh 6.1 0 3 10 dqh 0 0 0 0.5 np 61 mn 50000
62,050021,measure,6.5 0.0 3.0,10.0,40.0,0.5,61,60,50000,25-May-24 09:45:24,73.5,23.1,50.4,bs qh 6.5 0 3 10 dqh 0 0 0 0.5 np 61 mn 50000
63,050022,measure,6.2 0.0 3.0,10.0,40.0,0.5,61,61,50000,25-May-24 10:58:55,66.1,14.9,51.2,bs qh 6.2 0 3 10 dqh 0 0 0 0.5 np 61 mn 50000
64,050023,measure,6.3 0.0 3.0,10.0,40.0,0.5,61,61,50000,25-May-24 12:04:59,66.1,14.8,51.3,bs qh 6.3 0 3 10 dqh 0 0 0 0.5 np 61 mn 50000
65,050024,measure,6.4 0.0 3.0,10.0,40.0,0.5,61,61,50000,25-May-24 13:11:06,100.5,49.3,51.2,bs qh 6.4 0 3 10 dqh 0 0 0 0.5 np 61 mn 50000
66,050025,align,,,,,,,,25-May-24 14:51:37,7.0,6.6,0.4,sc a3 37 da3 0.2 np 25 ti 1
67,050026,align,,,,,,,,25-May-24 14:58:35,11.4,11.0,0.4,sc a3 -54.65 da3 0.2 np 21 ti 1
68,050027,measure,13.0 0.0 0.0,40.0,70.0,0.5,61,60,50000,25-May-24 15:09:56,65.3,12.6,52.7,bs qh 13 0 0 40 dqh 0 0 0 0.5 np 61 mn 50000
69,050028,measure,12.0 0.0 0.0,40.0,70.0,0.5,61,61,50000,25-May-24 16:15:16,67.1,13.4,53.7,bs qh 12 0 0 40 dqh 0 0 0 0.5 np 61 mn 50000
70,050029,measure,-3.0 0.0 6.0,40.0,70.0,0.5,61,61,50000,25-May-24 17:22:24,66.0,12.2,53.8,bs qh -3 0 6 40 dqh 0 0 0 0.5 np 61 mn 50000
71,050030,measure,-4.0 0.0 6.0,40.0,70.0,0.5,61,61,50000,25-May-24 18:28:26,66.2,12.3,53.9,bs qh -4 0 6 40 dqh 0 0 0 0.5 np 61 mn 50000
72,050031,measure,7.0 0.0 4.0,40.0,70.0,0.5,61,61,50000,25-May-24 19:34:36,66.2,12.3,53.9,bs qh 7 0 4 40 dqh 0 0 0 0.5 np 61 mn 50000
73,050032,measure,0.0 0.0 5.0,40.0,70.0,0.5,61,61,50000,25-May-24 20:40:48,65.7,11.7,54.0,bs qh 0 0 5 40 dqh 0 0 0 0.5 np 61 mn 50000
74,050033,measure,0.0 0.0 6.0,40.0,70.0,0.5,61,61,50000,25-May-24 21:46:28,67.0,13.2,53.8,bs qh 0 0 6 40 dqh 0 0 0 0.5 np 61 mn 50000
75,050034,measure,12.9 0.0 0.0,40.0,70.0,0.5,61,61,50000,25-May-24 22:53:28,66.6,12.7,53.9,bs qh 12.9 0 0 40 dqh 0 0 0 0.5 np 61 mn 50000
76,050035,measure,12.8 0.0 0.0,40.0,70.0,0.5,61,61,50000,26-May-24 00:00:05,66.7,12.7,54.0,bs qh 12.8 0 0 40 dqh 0 0 0 0.5 np 61 mn 50000
77,050036,measure,12.7 0.0 0.0,40.0,70.0,0.5,61,61,50000,26-May-24 01:06:46,66.5,12.5,54.0,bs qh 12.7 0 0 40 dqh 0 0 0 0.5 np 61 mn 50000
78,050037,measure,12.6 0.0 0.0,40.0,70.0,0.5,61,61,50000,26-May-24 02:13:17,66.5,12.5,54.0,bs qh 12.6 0 0 40 dqh 0 0 0 0.5 np 61 mn 50000
79,050038,measure,12.5 0.0 0.0,40.0,70.0,0.5,61,61,50000,26-May-24 03:19:46,66.4,12.5,53.9,bs qh 12.5 0 0 40 dqh 0 0 0 0.5 np 61 mn 50000
80,050039,measure,12.4 0.0 0.0,40.0,70.0,0.5,61,61,50000,26-May-24 04:26:11,66.3,12.4,53.9,bs qh 12.4 0 0 40 dqh 0 0 0 0.5 np 61 mn 50000
81,050040,measure,12.3 0.0 0.0,40.0,70.0,0.5,61,61,50000,26-May-24 05:32:28,66.2,12.3,53.9,bs qh 12.3 0 0 40 dqh 0 0 0 0.5 np 61 mn 50000
82,050041,measure,12.2 0.0 0.0,40.0,70.0,0.5,61,61,50000,26-May-24 06:38:42,66.2,12.2,54.0,bs qh 12.2 0 0 40 dqh 0 0 0 0.5 np 61 mn 50000
83,050042,measure,12.1 0.0 0.0,40.0,70.0,0.5,61,61,50000,26-May-24 07:44:55,66.9,13.0,53.9,bs qh 12.1 0 0 40 dqh 0 0 0 0.5 np 61 mn 50000
84,050043,measure,0.0 0.0 6.1,40.0,70.0,0.5,61,61,50000,26-May-24 08:51:47,66.6,12.7,53.9,bs qh 0 0 6.1 40 dqh 0 0 0 0.5 np 61 mn 50000
85,050044,measure,0.0 0.0 6.2,40.0,70.0,0.5,61,7,50000,26-May-24 09:58:23,7.6,2.3,5.3,bs qh 0 0 6.2 40 dqh 0 0 0 0.5 np 61 mn 50000
86,050045,measure,0.0 0.0 5.9,40.0,70.0,0.5,61,61,50000,26-May-24 10:05:57,66.2,12.3,53.9,bs qh 0 0 5.9 40 dqh 0 0 0 0.5 np 61 mn 50000
87,050046,measure,0.0 0.0 5.8,40.0,70.0,0.5,61,61,50000,26-May-24 11:12:09,81.4,27.4,54.0,bs qh 0 0 5.8 40 dqh 0 0 0 0.5 np 61 mn 50000
88,050047,measure,0.0 0.0 5.7,40.0,70.0,0.5,61,61,50000,26-May-24 12:33:35,66.1,12.2,53.9,bs qh 0 0 5.7 40 dqh 0 0 0 0.5 np 61 mn 50000
89,050048,measure,0.0 0.0 5.6,40.0,70.0,0.5,61,61,50000,26-May-24 13:39:39,65.8,11.9,53.9,bs qh 0 0 5.6 40 dqh 0 0 0 0.5 np 61 mn 50000
90,050049,measure,0.0 0.0 5.5,40.0,70.0,0.5,61,61,50000,26-May-24 14:45:30,65.6,11.9,53.7,bs qh 0 0 5.5 40 dqh 0 0 0 0.5 np 61 mn 50000
91,050050,measure,0.0 0.0 5.4,40.0,70.0,0.5,61,61,50000,26-May-24 15:51:09,65.7,12.0,53.7,bs qh 0 0 5.4 40 dqh 0 0 0 0.5 np 61 mn 50000
92,050051,measure,0.0 0.0 5.3,40.0,70.0,0.5,61,61,50000,26-May-24 16:56:49,65.6,11.8,53.8,bs qh 0 0 5.3 40 dqh 0 0 0 0.5 np 61 mn 50000
93,050052,measure,0.0 0.0 5.2,40.0,70.0,0.5,61,61,50000,26-May-24 18:02:22,65.5,11.7,53.8,bs qh 0 0 5.2 40 dqh 0 0 0 0.5 np 61 mn 50000
94,050053,measure,0.0 0.0 5.1,40.0,70.0,0.5,61,61,50000,26-May-24 19:07:50,66.1,12.3,53.8,bs qh 0 0 5.1 40 dqh 0 0 0 0.5 np 61 mn 50000
95,050054,measure,12.0 0.0 0.0,40.0,70.0,0.5,61,61,50000,26-May-24 20:13:55,66.1,12.3,53.8,bs qh 12.0 0 0 40 dqh 0 0 0 0.5 np 61 mn 50000
96,050055,measure,12.1 0.0 0.0,40.0,70.0,0.5,61,61,50000,26-May-24 21:20:00,66.2,12.3,53.9,bs qh 12.1 0 0 40 dqh 0 0 0 0.5 np 61 mn 50000
97,050056,measure,12.2 0.0 0.0,40.0,70.0,0.5,61,61,50000,26-May-24 22:26:09,66.2,12.2,54.0,bs qh 12.2 0 0 40 dqh 0 0 0 0.5 np 61 mn 50000
98,050057,measure,12.3 0.0 0.0,40.0,70.0,0.5,61,61,50000,26-May-24 23:32:19,66.4,12.3,54.1,bs qh 12.3 0 0 40 dqh 0 0 0 0.5 np 61 mn 50000
99,050058,measure,12.4 0.0 0.0,40.0,70.0,0.5,61,61,50000,27-May-24 00:38:42,66.5,12.4,54.1,bs qh 12.4 0 0 40 dqh 0 0 0 0.5 np 61 mn 50000
100,050059,measure,12.5 0.0 0.0,40.0,70.0,0.5,61,61,50000,27-May-24 01:45:12,66.6,12.5,54.1,bs qh 12.5 0 0 40 dqh 0 0 0 0.5 np 61 mn 50000
101,050060,measure,12.6 0.0 0.0,40.0,70.0,0.5,61,61,50000,27-May-24 02:51:45,66.6,12.5,54.1,bs qh 12.6 0 0 40 dqh 0 0 0 0.5 np 61 mn 50000
102,050061,measure,12.7 0.0 0.0,40.0,70.0,0.5,61,61,50000,27-May-24 03:58:19,66.8,12.7,54.1,bs qh 12.7 0 0 40 dqh 0 0 0 0.5 np 61 mn 50000
103,050062,measure,12.8 0.0 0.0,40.0,70.0,0.5,61,61,50000,27-May-24 05:05:06,66.8,12.7,54.1,bs qh 12.8 0 0 40 dqh 0 0 0 0.5 np 61 mn 50000
104,050063,measure,12.9 0.0 0.0,40.0,70.0,0.5,61,61,50000,27-May-24 06:11:52,66.9,12.7,54.2,bs qh 12.9 0 0 40 dqh 0 0 0 0.5 np 61 mn 50000
105,050064,measure,13.0 0.0 0.0,40.5,70.0,0.5,60,60,50000,27-May-24 07:18:47,66.8,13.4,53.4,bs qh 13.0 0 0 40.5 dqh 0 0 0 0.5 np 60 mn 50000
106,050065,measure,0.0 0.0 6.0,40.0,70.0,0.5,61,61,50000,27-May-24 08:25:37,66.6,12.5,54.1,bs qh 0 0 6.0 40 dqh 0 0 0 0.5 np 61 mn 50000
107,050066,measure,0.0 0.0 5.9,40.0,70.0,0.5,61,9,50000,27-May-24 09:32:14,10.0,3.2,6.8,bs qh 0 0 5.9 40 dqh 0 0 0 0.5 np 61 mn 50000
108,050067,measure,-3.1 0.0 6.0,40.0,70.0,0.5,61,61,50000,27-May-24 09:42:11,66.3,12.3,54.0,bs qh -3.1 0 6 40 dqh 0 0 0 0.5 np 61 mn 50000
109,050068,measure,-3.2 0.0 6.0,40.0,70.0,0.5,61,61,50000,27-May-24 10:48:30,66.4,12.3,54.1,bs qh -3.2 0 6 40 dqh 0 0 0 0.5 np 61 mn 50000
110,050069,measure,-3.3 0.0 6.0,40.0,70.0,0.5,61,61,50000,27-May-24 11:54:53,66.3,12.2,54.1,bs qh -3.3 0 6 40 dqh 0 0 0 0.5 np 61 mn 50000
111,050070,measure,-3.4 0.0 6.0,40.0,70.0,0.5,61,61,50000,27-May-24 13:01:12,66.3,12.3,54.0,bs qh -3.4 0 6 40 dqh 0 0 0 0.5 np 61 mn 50000
112,050071,measure,-3.5 0.0 6.0,40.0,70.0,0.5,61,61,50000,27-May-24 14:07:28,65.8,11.7,54.1,bs qh -3.5 0 6 40 dqh 0 0 0 0.5 np 61 mn 50000
113,050072,measure,-3.6 0.0 6.0,45.0,65.0,0.5,41,41,50000,27-May-24 15:13:13,63.0,27.8,35.2,bs qh -3.6 0 6 45 dqh 0 0 0 0.5 np 41 mn 50000
114,050073,measure,-3.7 0.0 6.0,45.0,65.0,0.5,41,41,50000,27-May-24 16:16:11,43.2,7.9,35.3,bs qh -3.7 0 6 45 dqh 0 0 0 0.5 np 41 mn 50000
115,050074,measure,-3.8 0.0 6.0,45.0,65.0,0.5,41,41,50000,27-May-24 16:59:22,43.2,8.0,35.2,bs qh -3.8 0 6 45 dqh 0 0 0 0.5 np 41 mn 50000
116,050075,measure,-3.9 0.0 6.0,45.0,65.0,0.5,41,41,50000,27-May-24 17:42:33,43.8,8.6,35.2,bs qh -3.9 0 6 45 dqh 0 0 0 0.5 np 41 mn 50000
117,050076,measure,7.0 0.0 4.0,45.0,65.0,0.5,41,41,50000,27-May-24 18:26:22,43.2,7.9,35.3,bs qh 7.0 0 4 45 dqh 0 0 0 0.5 np 41 mn 50000
118,050077,measure,7.1 0.0 4.0,45.0,65.0,0.5,41,41,50000,27-May-24 19:09:32,43.2,7.9,35.3,bs qh 7.1 0 4 45 dqh 0 0 0 0.5 np 41 mn 50000
119,050078,measure,7.2 0.0 4.0,45.0,65.0,0.5,41,41,50000,27-May-24 19:52:41,43.2,7.9,35.3,bs qh 7.2 0 4 45 dqh 0 0 0 0.5 np 41 mn 50000
120,050079,measure,7.3 0.0 4.0,45.0,65.0,0.5,41,32,50000,27-May-24 20:35:52,34.2,8.0,26.2,bs qh 7.3 0 4 45 dqh 0 0 0 0.5 np 41 mn 50000
121,050080,measure,0.0 0.0 6.0,45.0,65.0,0.5,41,4,50000,27-May-24 21:10:04,6.1,3.8,2.3,bs qh 0 0 6.0 45 dqh 0 0 0 0.5 np 41 mn 50000
122,050081,measure,0.0 0.0 5.0,45.0,65.0,0.5,41,2,50000,27-May-24 21:16:11,1.4,0.4,1.0,bs qh 0.0 0 5.0 45 dqh 0 0 0 0.5 np 41 mn 50000
123,050082,measure,0.1 0.0 5.0,45.0,65.0,0.5,41,41,50000,27-May-24 21:17:36,42.8,7.5,35.3,bs qh 0.1 0 5.0 45 dqh 0 0 0 0.5 np 41 mn 50000
124,050083,measure,0.2 0.0 5.0,45.0,65.0,0.5,41,41,50000,27-May-24 22:00:22,42.7,7.4,35.3,bs qh 0.2 0 5.0 45 dqh 0 0 0 0.5 np 41 mn 50000
125,050084,measure,0.3 0.0 5.0,45.0,65.0,0.5,41,41,50000,27-May-24 22:43:06,42.8,7.5,35.3,bs qh 0.3 0 5.0 45 dqh 0 0 0 0.5 np 41 mn 50000
126,050085,measure,0.4 0.0 5.0,45.0,65.0,0.5,41,41,50000,27-May-24 23:25:51,42.8,7.5,35.3,bs qh 0.4 0 5.0 45 dqh 0 0 0 0.5 np 41 mn 50000
127,050086,measure,0.5 0.0 5.0,45.0,65.0,0.5,41,41,50000,28-May-24 00:08:37,42.7,7.4,35.3,bs qh 0.5 0 5.0 45 dqh 0 0 0 0.5 np 41 mn 50000
128,050087,measure,0.6 0.0 5.0,45.0,65.0,0.5,41,41,50000,28-May-24 00:51:19,42.8,7.5,35.3,bs qh 0.6 0 5.0 45 dqh 0 0 0 0.5 np 41 mn 50000
129,050088,measure,0.7 0.0 5.0,45.0,65.0,0.5,41,41,50000,28-May-24 01:34:05,42.7,7.5,35.2,bs qh 0.7 0 5.0 45 dqh 0 0 0 0.5 np 41 mn 50000
130,050089,measure,0.8 0.0 5.0,45.0,65.0,0.5,41,41,50000,28-May-24 02:16:47,42.6,7.4,35.2,bs qh 0.8 0 5.0 45 dqh 0 0 0 0.5 np 41 mn 50000
131,050090,measure,0.9 0.0 5.0,45.0,65.0,0.5,41,41,50000,28-May-24 02:59:26,42.7,7.5,35.2,bs qh 0.9 0 5.0 45 dqh 0 0 0 0.5 np 41 mn 50000
132,050091,measure,1.0 0.0 5.0,45.0,65.0,0.5,41,41,50000,28-May-24 03:42:09,42.7,7.5,35.2,bs qh 1.0 0 5.0 45 dqh 0 0 0 0.5 np 41 mn 50000
133,050092,measure,0.0 0.0 5.0,45.0,65.0,0.5,41,41,50000,28-May-24 04:24:49,42.6,7.5,35.1,bs qh 0.0 0 5.0 45 dqh 0 0 0 0.5 np 41 mn 50000
134,050093,measure,0.0 0.0 5.1,45.0,65.0,0.5,41,41,50000,28-May-24 05:07:26,42.8,7.6,35.2,bs qh 0.0 0 5.1 45 dqh 0 0 0 0.5 np 41 mn 50000
135,050094,measure,0.0 0.0 5.2,45.0,65.0,0.5,41,41,50000,28-May-24 05:50:14,42.8,7.6,35.2,bs qh 0.0 0 5.2 45 dqh 0 0 0 0.5 np 41 mn 50000
136,050095,measure,0.0 0.0 5.3,45.0,65.0,0.5,41,41,50000,28-May-24 06:33:02,42.8,7.6,35.2,bs qh 0.0 0 5.3 45 dqh 0 0 0 0.5 np 41 mn 50000
137,050096,measure,0.0 0.0 5.4,45.0,65.0,0.5,41,41,50000,28-May-24 07:15:53,42.9,7.7,35.2,bs qh 0.0 0 5.4 45 dqh 0 0 0 0.5 np 41 mn 50000
138,050097,measure,0.0 0.0 5.5,45.0,65.0,0.5,41,41,50000,28-May-24 07:58:47,42.9,7.7,35.2,bs qh 0.0 0 5.5 45 dqh 0 0 0 0.5 np 41 mn 50000
139,050098,measure,0.0 0.0 5.6,45.0,65.0,0.5,41,41,50000,28-May-24 08:41:42,42.9,7.8,35.1,bs qh 0.0 0 5.6 45 dqh 0 0 0 0.5 np 41 mn 50000
140,050099,measure,0.0 0.0 5.7,45.0,65.0,0.5,41,41,50000,28-May-24 09:24:35,42.9,7.9,35.0,bs qh 0.0 0 5.7 45 dqh 0 0 0 0.5 np 41 mn 50000
141,050100,measure,0.0 0.0 5.8,45.0,65.0,0.5,41,41,50000,28-May-24 10:07:30,43.1,7.9,35.2,bs qh 0.0 0 5.8 45 dqh 0 0 0 0.5 np 41 mn 50000
142,050101,measure,0.0 0.0 5.9,45.0,65.0,0.5,41,41,50000,28-May-24 10:50:38,47.8,12.6,35.2,bs qh 0.0 0 5.9 45 dqh 0 0 0 0.5 np 41 mn 50000
143,050102,measure,0.0 0.0 6.0,45.0,65.0,0.5,41,41,50000,28-May-24 11:38:29,44.7,9.5,35.2,bs qh 0.0 0 6.0 45 dqh 0 0 0 0.5 np 41 mn 50000
144,050103,measure,12.0 0.0 0.1,45.0,65.0,0.5,41,41,50000,28-May-24 12:23:12,43.1,7.9,35.2,bs qh 12.0 0 0.1 45 dqh 0 0 0 0.5 np 41 mn 50000
145,050104,measure,12.0 0.0 0.2,45.0,65.0,0.5,41,41,50000,28-May-24 13:06:16,43.0,7.8,35.2,bs qh 12.0 0 0.2 45 dqh 0 0 0 0.5 np 41 mn 50000
146,050105,measure,12.0 0.0 0.3,45.0,65.0,0.5,41,41,50000,28-May-24 13:49:14,42.9,7.9,35.0,bs qh 12.0 0 0.3 45 dqh 0 0 0 0.5 np 41 mn 50000
147,050106,measure,12.0 0.0 0.4,45.0,65.0,0.5,41,41,50000,28-May-24 14:32:09,42.9,7.9,35.0,bs qh 12.0 0 0.4 45 dqh 0 0 0 0.5 np 41 mn 50000
148,050107,measure,12.0 0.0 0.5,45.0,65.0,0.5,41,41,50000,28-May-24 15:15:02,43.0,8.0,35.0,bs qh 12.0 0 0.5 45 dqh 0 0 0 0.5 np 41 mn 50000
149,050108,measure,12.0 0.0 0.6,45.0,65.0,0.5,41,41,50000,28-May-24 15:58:03,43.0,8.0,35.0,bs qh 12.0 0 0.6 45 dqh 0 0 0 0.5 np 41 mn 50000
150,050109,measure,12.0 0.0 0.7,45.0,65.0,0.5,41,41,50000,28-May-24 16:41:03,43.0,8.0,35.0,bs qh 12.0 0 0.7 45 dqh 0 0 0 0.5 np 41 mn 50000
151,050110,measure,12.0 0.0 0.8,45.0,65.0,0.5,41,41,50000,28-May-24 17:24:06,43.1,8.1,35.0,bs qh 12.0 0 0.8 45 dqh 0 0 0 0.5 np 41 mn 50000
152,050111,measure,12.0 0.0 0.9,45.0,65.0,0.5,41,41,50000,28-May-24 18:07:12,43.1,8.1,35.0,bs qh 12.0 0 0.9 45 dqh 0 0 0 0.5 np 41 mn 50000
153,050112,measure,12.0 0.0 1.0,45.0,65.0,0.5,41,41,50000,28-May-24 18:50:18,44.6,9.6,35.0,bs qh 12.0 0 1.0 45 dqh 0 0 0 0.5 np 41 mn 50000
154,050113,measure,-3.0 0.0 6.0,50.0,65.0,0.5,31,31,50000,28-May-24 19:34:56,33.5,6.0,27.5,bs qh -3.0 0 6 50 dqh 0 0 0 0.5 np 31 mn 50000
155,050114,measure,-3.1 0.0 6.0,50.0,65.0,0.5,31,31,50000,28-May-24 20:08:26,33.5,6.0,27.5,bs qh -3.1 0 6 50 dqh 0 0 0 0.5 np 31 mn 50000
156,050115,measure,-3.2 0.0 6.0,50.0,65.0,0.5,31,31,50000,28-May-24 20:41:56,33.5,6.0,27.5,bs qh -3.2 0 6 50 dqh 0 0 0 0.5 np 31 mn 50000
157,050116,measure,-3.3 0.0 6.0,50.0,65.0,0.5,31,31,50000,28-May-24 21:15:25,33.5,5.9,27.6,bs qh -3.3 0 6 50 dqh 0 0 0 0.5 np 31 mn 50000
158,050117,measure,-3.4 0.0 6.0,50.0,65.0,0.5,31,31,50000,28-May-24 21:48:54,33.5,5.9,27.6,bs qh -3.4 0 6 50 dqh 0 0 0 0.5 np 31 mn 50000
159,050118,measure,-3.5 0.0 6.0,50.0,65.0,0.5,31,31,50000,28-May-24 22:22:26,33.5,5.9,27.6,bs qh -3.5 0 6 50 dqh 0 0 0 0.5 np 31 mn 50000
160,050119,measure,-3.6 0.0 6.0,50.0,65.0,0.5,31,31,50000,28-May-24 22:55:56,33.5,5.9,27.6,bs qh -3.6 0 6 50 dqh 0 0 0 0.5 np 31 mn 50000
161,050120,measure,-3.7 0.0 6.0,50.0,65.0,0.5,31,31,50000,28-May-24 23:29:26,33.6,6.0,27.6,bs qh -3.7 0 6 50 dqh 0 0 0 0.5 np 31 mn 50000
162,050121,measure,-3.8 0.0 6.0,50.0,65.0,0.5,31,31,50000,29-May-24 00:02:59,33.6,6.0,27.6,bs qh -3.8 0 6 50 dqh 0 0 0 0.5 np 31 mn 50000
163,050122,measure,-3.9 0.0 6.0,50.0,65.0,0.5,31,31,50000,29-May-24 00:36:34,33.6,6.0,27.6,bs qh -3.9 0 6 50 dqh 0 0 0 0.5 np 31 mn 50000
164,050123,measure,-4.0 0.0 6.0,50.0,65.0,0.5,31,31,50000,29-May-24 01:10:09,35.8,8.2,27.6,bs qh -4.0 0 6 50 dqh 0 0 0 0.5 np 31 mn 50000
165,050124,measure,12.0 0.0 0.1,50.0,65.0,0.5,31,31,50000,29-May-24 01:45:54,33.6,6.0,27.6,bs qh 12.0 0 0.1 50 dqh 0 0 0 0.5 np 31 mn 50000
166,050125,measure,12.0 0.0 0.2,50.0,65.0,0.5,31,31,50000,29-May-24 02:19:28,33.5,5.9,27.6,bs qh 12.0 0 0.2 50 dqh 0 0 0 0.5 np 31 mn 50000
167,050126,measure,12.0 0.0 0.3,50.0,65.0,0.5,31,31,50000,29-May-24 02:53:00,33.6,6.0,27.6,bs qh 12.0 0 0.3 50 dqh 0 0 0 0.5 np 31 mn 50000
168,050127,measure,12.0 0.0 0.4,50.0,65.0,0.5,31,31,50000,29-May-24 03:26:34,33.7,6.0,27.7,bs qh 12.0 0 0.4 50 dqh 0 0 0 0.5 np 31 mn 50000
169,050128,measure,12.0 0.0 0.5,50.0,65.0,0.5,31,31,50000,29-May-24 04:00:18,33.7,6.0,27.7,bs qh 12.0 0 0.5 50 dqh 0 0 0 0.5 np 31 mn 50000
170,050129,measure,12.0 0.0 0.6,50.0,65.0,0.5,31,31,50000,29-May-24 04:34:01,33.7,6.0,27.7,bs qh 12.0 0 0.6 50 dqh 0 0 0 0.5 np 31 mn 50000
171,050130,measure,12.0 0.0 0.7,50.0,65.0,0.5,31,31,50000,29-May-24 05:07:44,33.8,6.1,27.7,bs qh 12.0 0 0.7 50 dqh 0 0 0 0.5 np 31 mn 50000
172,050131,measure,12.0 0.0 0.8,50.0,65.0,0.5,31,31,50000,29-May-24 05:41:30,33.8,6.1,27.7,bs qh 12.0 0 0.8 50 dqh 0 0 0 0.5 np 31 mn 50000
173,050132,measure,12.0 0.0 0.9,50.0,65.0,0.5,31,31,50000,29-May-24 06:15:17,33.7,6.1,27.6,bs qh 12.0 0 0.9 50 dqh 0 0 0 0.5 np 31 mn 50000
174,050133,measure,12.0 0.0 1.0,50.0,65.0,0.5,31,31,50000,29-May-24 06:49:01,34.9,7.3,27.6,bs qh 12.0 0 1.0 50 dqh 0 0 0 0.5 np 31 mn 50000
175,050134,measure,0.1 0.0 5.0,50.0,65.0,0.5,31,31,50000,29-May-24 07:23:53,33.3,5.6,27.7,bs qh 0.1 0 5.0 50 dqh 0 0 0 0.5 np 31 mn 50000
176,050135,measure,0.2 0.0 5.0,50.0,65.0,0.5,31,31,50000,29-May-24 07:57:11,33.2,5.6,27.6,bs qh 0.2 0 5.0 50 dqh 0 0 0 0.5 np 31 mn 50000
177,050136,measure,0.3 0.0 5.0,50.0,65.0,0.5,31,31,50000,29-May-24 08:30:26,33.3,5.6,27.7,bs qh 0.3 0 5.0 50 dqh 0 0 0 0.5 np 31 mn 50000
178,050137,measure,0.4 0.0 5.0,50.0,65.0,0.5,31,31,50000,29-May-24 09:03:46,33.3,5.7,27.6,bs qh 0.4 0 5.0 50 dqh 0 0 0 0.5 np 31 mn 50000
179,050138,measure,0.5 0.0 5.0,50.0,65.0,0.5,31,31,50000,29-May-24 09:37:04,33.2,5.5,27.7,bs qh 0.5 0 5.0 50 dqh 0 0 0 0.5 np 31 mn 50000
180,050139,measure,0.6 0.0 5.0,50.0,65.0,0.5,31,31,50000,29-May-24 10:10:19,0.0,0.0,27.7,bs qh 0.6 0 5.0 50 dqh 0 0 0 0.5 np 31 mn 50000
181,050963,align,,,,,,,,25-Jun-24 12:37:39,5.4,5.0,0.4,sc a3 72.60 da3 0.2 np 21 ti 1
182,050964,align,,,,,,,,25-Jun-24 12:43:03,3.9,3.4,0.5,sc a3 50.26 da3 0.2 np 31 ti 1
183,050965,align,,,,,,,,25-Jun-24 12:46:56,9.7,9.5,0.2,sc gu 0 dgu 1 np 11
184,050966,align,,,,,,,,25-Jun-24 12:56:38,4.4,3.9,0.5,sc a3 -49.90 da3 0.25 np 61 ti 1
185,050967,align,,,,,,,,25-Jun-24 13:00:59,141.3,141.1,0.2,sc gl 0 dgl 1 np 11 ti 1
186,050968,align,,,,,,,,25-Jun-24 15:22:17,3.0,2.6,0.4,sc a3 53.21 da3 0.2 np 21 ti 1
187,050969,align,,,,,,,,25-Jun-24 15:25:16,1.8,1.7,0.1,sc gu 0 dgu 1 np 7 ti 1
188,050970,align,,,,,,,,25-Jun-24 15:27:05,8.0,7.3,0.7,sc qh 6 0 0 0 dqh 0.02 0 0 0  np 21 mn 1000
189,050971,align,,,,,,,,25-Jun-24 15:35:03,1.6,1.5,0.1,sc gl -0.7 dgl 1 np 7 ti 1
190,050972,align,,,,,,,,25-Jun-24 15:36:42,2.0,1.6,0.4,sc a3 -11.10 da3 0.2 np 21 ti 1
191,050973,align,,,,,,,,25-Jun-24 15:38:44,14.8,14.2,0.6,sc qh 0 0 2 0 dqh 0 0 0.02 0 np 21 mn 1000
192,050974,align,,,,,,,,25-Jun-24 15:53:34,11.0,10.6,0.4,sc a3 -54.65 da3 0.2 np 21 ti 1
193,050975,measure,1.0 0.0 5.0,50.0,65.0,0.5,31,31,50000,25-Jun-24 16:04:32,32.2,5.2,27.0,bs qh 1.0 0.0 5.0 50 dqh 0 0 0 0.5 np 31 mn 50000
194,050976,measure,0.0 0.0 5.0,65.5,75.0,0.5,20,20,50000,25-Jun-24 16:36:41,25.2,3.5,21.7,bs qh 0.0 0.0 5.0 65.5 dqh 0 0 0 0.5 np 20 mn 50000
195,050977,measure,0.1 0.0 5.0,65.5,75.0,0.5,20,20,50000,25-Jun-24 17:01:54,25.4,3.6,21.8,bs qh 0.1 0.0 5.0 65.5 dqh 0 0 0 0.5 np 20 mn 50000
196,050978,measure,0.2 0.0 5.0,65.5,75.0,0.5,20,20,50000,25-Jun-24 17:27:16,25.4,3.6,21.8,bs qh 0.2 0.0 5.0 65.5 dqh 0 0 0 0.5 np 20 mn 50000
197,050979,measure,0.3 0.0 5.0,65.5,75.0,0.5,20,20,50000,25-Jun-24 17:52:38,25.3,3.5,21.8,bs qh 0.3 0.0 5.0 65.5 dqh 0 0 0 0.5 np 20 mn 50000
198,050980,measure,0.4 0.0 5.0,65.5,75.0,0.5,20,20,50000,25-Jun-24 18:17:57,25.4,3.6,21.8,bs qh 0.4 0.0 5.0 65.5 dqh 0 0 0 0.5 np 20 mn 50000
199,050981,measure,0.5 0.0 5.0,65.5,75.0,0.5,20,20,50000,25-Jun-24 18:43:18,25.4,3.6,21.8,bs qh 0.5 0.0 5.0 65.5 dqh 0 0 0 0.5 np 20 mn 50000
200,050982,measure,0.6 0.0 5.0,65.5,75.0,0.5,20,20,50000,25-Jun-24 19:08:42,25.4,3.5,21.9,bs qh 0.6 0.0 5.0 65.5 dqh 0 0 0 0.5 np 20 mn 50000
201,050983,measure,0.7 0.0 5.0,65.5,75.0,0.5,20,20,50000,25-Jun-24 19:34:09,25.4,3.5,21.9,bs qh 0.7 0.0 5.0 65.5 dqh 0 0 0 0.5 np 20 mn 50000
202,050984,measure,0.8 0.0 5.0,65.5,75.0,0.5,20,20,50000,25-Jun-24 19:59:31,25.4,3.5,21.9,bs qh 0.8 0.0 5.0 65.5 dqh 0 0 0 0.5 np 20 mn 50000
203,050985,measure,0.9 0.0 5.0,65.5,75.0,0.5,20,20,50000,25-Jun-24 20:24:56,25.4,3.5,21.9,bs qh 0.9 0.0 5.0 65.5 dqh 0 0 0 0.5 np 20 mn 50000
204,050986,measure,1.0 0.0 5.0,65.5,75.0,0.5,20,20,50000,25-Jun-24 20:50:22,26.0,4.1,21.9,bs qh 1.0 0.0 5.0 65.5 dqh 0 0 0 0.5 np 20 mn 50000
205,050987,measure,-3.0 0.0 6.0,65.5,75.0,0.5,20,20,50000,25-Jun-24 21:16:23,25.9,4.0,21.9,bs qh -3.0 0.0 6.0 65.5 dqh 0 0 0 0.5 np 20 mn 50000
206,050988,measure,-3.1 0.0 6.0,65.5,75.0,0.5,20,20,50000,25-Jun-24 21:42:17,25.9,4.0,21.9,bs qh -3.1 0.0 6.0 65.5 dqh 0 0 0 0.5 np 20 mn 50000
207,050989,measure,-3.2 0.0 6.0,65.5,75.0,0.5,20,20,50000,25-Jun-24 22:08:13,25.8,3.9,21.9,bs qh -3.2 0.0 6.0 65.5 dqh 0 0 0 0.5 np 20 mn 50000
208,050990,measure,-3.3 0.0 6.0,65.5,75.0,0.5,20,20,50000,25-Jun-24 22:34:04,25.8,3.9,21.9,bs qh -3.3 0.0 6.0 65.5 dqh 0 0 0 0.5 np 20 mn 50000
209,050991,measure,-3.4 0.0 6.0,65.5,75.0,0.5,20,20,50000,25-Jun-24 22:59:52,25.7,3.8,21.9,bs qh -3.4 0.0 6.0 65.5 dqh 0 0 0 0.5 np 20 mn 50000
210,050992,measure,-3.5 0.0 6.0,65.5,75.0,0.5,20,20,50000,25-Jun-24 23:25:36,25.8,3.9,21.9,bs qh -3.5 0.0 6.0 65.5 dqh 0 0 0 0.5 np 20 mn 50000
211,050993,measure,-3.6 0.0 6.0,65.5,75.0,0.5,20,20,50000,25-Jun-24 23:51:21,25.7,3.8,21.9,bs qh -3.6 0.0 6.0 65.5 dqh 0 0 0 0.5 np 20 mn 50000
212,050994,measure,-3.7 0.0 6.0,65.5,75.0,0.5,20,20,50000,26-Jun-24 00:17:02,25.8,3.8,22.0,bs qh -3.7 0.0 6.0 65.5 dqh 0 0 0 0.5 np 20 mn 50000
213,050995,measure,-3.8 0.0 6.0,65.5,75.0,0.5,20,20,50000,26-Jun-24 00:42:47,25.7,3.7,22.0,bs qh -3.8 0.0 6.0 65.5 dqh 0 0 0 0.5 np 20 mn 50000
214,050996,measure,-3.9 0.0 6.0,65.5,75.0,0.5,20,20,50000,26-Jun-24 01:08:27,25.7,3.8,21.9,bs qh -3.9 0.0 6.0 65.5 dqh 0 0 0 0.5 np 20 mn 50000
215,050997,measure,-4.0 0.0 6.0,65.5,75.0,0.5,20,20,50000,26-Jun-24 01:34:07,26.2,4.2,22.0,bs qh -4.0 0.0 6.0 65.5 dqh 0 0 0 0.5 np 20 mn 50000
216,050998,measure,0.7 0.0 5.0,50.0,65.0,0.5,31,31,50000,26-Jun-24 02:00:21,33.0,5.6,27.4,bs qh 0.7 0.0 5.0 50 dqh 0 0 0 0.5 np 31 mn 50000
217,050999,measure,0.8 0.0 5.0,50.0,65.0,0.5,31,31,50000,26-Jun-24 02:33:23,33.1,5.7,27.4,bs qh 0.8 0.0 5.0 50 dqh 0 0 0 0.5 np 31 mn 50000
218,051000,measure,0.9 0.0 5.0,50.0,65.0,0.5,31,31,50000,26-Jun-24 03:06:28,33.0,5.6,27.4,bs qh 0.9 0.0 5.0 50 dqh 0 0 0 0.5 np 31 mn 50000
219,051001,measure,0.0 0.0 5.0,50.0,65.0,0.5,31,31,100000,26-Jun-24 03:39:31,60.4,5.6,54.8,bs qh 0.0 0.0 5.0 50 dqh 0 0 0 0.5 np 31 mn 100000
220,051002,measure,0.1 0.0 5.0,50.0,65.0,0.5,31,31,100000,26-Jun-24 04:39:54,60.4,5.6,54.8,bs qh 0.1 0.0 5.0 50 dqh 0 0 0 0.5 np 31 mn 100000
221,051003,measure,0.2 0.0 5.0,50.0,65.0,0.5,31,31,100000,26-Jun-24 05:40:17,60.4,5.6,54.8,bs qh 0.2 0.0 5.0 50 dqh 0 0 0 0.5 np 31 mn 100000
222,051004,measure,0.3 0.0 5.0,50.0,65.0,0.5,31,31,100000,26-Jun-24 06:40:41,60.4,5.6,54.8,bs qh 0.3 0.0 5.0 50 dqh 0 0 0 0.5 np 31 mn 100000
223,051005,measure,0.4 0.0 5.0,50.0,65.0,0.5,31,31,100000,26-Jun-24 07:41:04,60.4,5.6,54.8,bs qh 0.4 0.0 5.0 50 dqh 0 0 0 0.5 np 31 mn 100000
224,051006,measure,0.5 0.0 5.0,50.0,65.0,0.5,31,31,100000,26-Jun-24 08:41:28,61.7,7.0,54.7,bs qh 0.5 0.0 5.0 50 dqh 0 0 0 0.5 np 31 mn 100000
225,051007,measure,0.6 0.0 5.0,50.0,65.0,0.5,31,31,100000,26-Jun-24 09:43:11,60.4,5.6,54.8,bs qh 0.6 0.0 5.0 50 dqh 0 0 0 0.5 np 31 mn 100000
226,051008,measure,0.7 0.0 5.0,50.0,65.0,0.5,31,31,100000,26-Jun-24 10:43:38,60.4,5.6,54.8,bs qh 0.7 0.0 5.0 50 dqh 0 0 0 0.5 np 31 mn 100000
227,051009,measure,0.8 0.0 5.0,50.0,65.0,0.5,31,31,100000,26-Jun-24 11:44:03,60.4,5.7,54.7,bs qh 0.8 0.0 5.0 50 dqh 0 0 0 0.5 np 31 mn 100000
228,051010,measure,0.9 0.0 5.0,50.0,65.0,0.5,31,31,100000,26-Jun-24 12:44:26,60.4,5.7,54.7,bs qh 0.9 0.0 5.0 50 dqh 0 0 0 0.5 np 31 mn 100000
229,051011,measure,1.0 0.0 5.0,50.0,65.0,0.5,31,31,100000,26-Jun-24 13:44:47,60.9,6.2,54.7,bs qh 1.0 0.0 5.0 50 dqh 0 0 0 0.5 np 31 mn 100000
230,051012,measure,-3.0 0.0 6.0,50.0,65.0,0.5,31,31,100000,26-Jun-24 14:45:39,60.8,6.1,54.7,bs qh -3.0 0.0 6.0 50 dqh 0 0 0 0.5 np 31 mn 100000
231,051013,measure,-3.1 0.0 6.0,50.0,65.0,0.5,31,31,100000,26-Jun-24 15:46:28,60.6,5.9,54.7,bs qh -3.1 0.0 6.0 50 dqh 0 0 0 0.5 np 31 mn 100000
232,051014,measure,-3.2 0.0 6.0,50.0,65.0,0.5,31,31,100000,26-Jun-24 16:47:05,60.6,5.9,54.7,bs qh -3.2 0.0 6.0 50 dqh 0 0 0 0.5 np 31 mn 100000
233,051015,measure,-3.3 0.0 6.0,50.0,65.0,0.5,31,31,100000,26-Jun-24 17:47:43,60.6,5.8,54.8,bs qh -3.3 0.0 6.0 50 dqh 0 0 0 0.5 np 31 mn 100000
234,051016,measure,-3.4 0.0 6.0,50.0,65.0,0.5,31,31,100000,26-Jun-24 18:48:21,60.6,5.9,54.7,bs qh -3.4 0.0 6.0 50 dqh 0 0 0 0.5 np 31 mn 100000
235,051017,measure,-3.5 0.0 6.0,50.0,65.0,0.5,31,31,100000,26-Jun-24 19:48:57,60.5,5.9,54.6,bs qh -3.5 0.0 6.0 50 dqh 0 0 0 0.5 np 31 mn 100000
236,051018,measure,-3.6 0.0 6.0,50.0,65.0,0.5,31,31,100000,26-Jun-24 20:49:27,60.6,5.9,54.7,bs qh -3.6 0.0 6.0 50 dqh 0 0 0 0.5 np 31 mn 100000
237,051019,measure,-3.7 0.0 6.0,50.0,65.0,0.5,31,31,100000,26-Jun-24 21:50:01,60.6,5.9,54.7,bs qh -3.7 0.0 6.0 50 dqh 0 0 0 0.5 np 31 mn 100000
238,051020,measure,-3.8 0.0 6.0,50.0,65.0,0.5,31,31,100000,26-Jun-24 22:50:35,60.5,5.9,54.6,bs qh -3.8 0.0 6.0 50 dqh 0 0 0 0.5 np 31 mn 100000
239,051021,measure,-3.9 0.0 6.0,50.0,65.0,0.5,31,31,100000,26-Jun-24 23:51:04,60.7,5.9,54.8,bs qh -3.9 0.0 6.0 50 dqh 0 0 0 0.5 np 31 mn 100000
240,051022,measure,-4.0 0.0 6.0,50.0,65.0,0.5,31,31,100000,27-Jun-24 00:51:45,60.9,6.1,54.8,bs qh -4.0 0.0 6.0 50 dqh 0 0 0 0.5 np 31 mn 100000
241,051023,measure,-3.0 0.0 6.0,45.0,49.5,0.5,10,10,50000,27-Jun-24 01:52:38,9.6,2.2,7.4,bs qh -3.0 0.0 6.0 45 dqh 0 0 0 0.5 np 10 mn 50000
242,051024,measure,-3.1 0.0 6.0,45.0,49.5,0.5,10,10,50000,27-Jun-24 02:02:15,9.6,2.2,7.4,bs qh -3.1 0.0 6.0 45 dqh 0 0 0 0.5 np 10 mn 50000
243,051025,measure,-3.2 0.0 6.0,45.0,49.5,0.5,10,10,50000,27-Jun-24 02:11:50,9.6,2.2,7.4,bs qh -3.2 0.0 6.0 45 dqh 0 0 0 0.5 np 10 mn 50000
244,051026,measure,-3.3 0.0 6.0,45.0,49.5,0.5,10,10,50000,27-Jun-24 02:21:24,9.6,2.2,7.4,bs qh -3.3 0.0 6.0 45 dqh 0 0 0 0.5 np 10 mn 50000
245,051027,measure,-3.4 0.0 6.0,45.0,49.5,0.5,10,10,50000,27-Jun-24 02:30:57,9.6,2.2,7.4,bs qh -3.4 0.0 6.0 45 dqh 0 0 0 0.5 np 10 mn 50000
246,051028,measure,-3.5 0.0 6.0,45.0,49.5,0.5,10,10,50000,27-Jun-24 02:40:31,9.6,2.2,7.4,bs qh -3.5 0.0 6.0 45 dqh 0 0 0 0.5 np 10 mn 50000
247,051029,measure,-3.6 0.0 6.0,45.0,49.5,0.5,10,10,50000,27-Jun-24 02:50:06,9.6,2.2,7.4,bs qh -3.6 0.0 6.0 45 dqh 0 0 0 0.5 np 10 mn 50000
248,051030,measure,-3.7 0.0 6.0,45.0,49.5,0.5,10,10,50000,27-Jun-24 02:59:40,9.6,2.2,7.4,bs qh -3.7 0.0 6.0 45 dqh 0 0 0 0.5 np 10 mn 50000
249,051031,measure,-3.8 0.0 6.0,45.0,49.5,0.5,10,10,50000,27-Jun-24 03:09:15,9.6,2.2,7.4,bs qh -3.8 0.0 6.0 45 dqh 0 0 0 0.5 np 10 mn 50000
250,051032,measure,-3.9 0.0 6.0,45.0,49.5,0.5,10,10,50000,27-Jun-24 03:18:49,9.6,2.2,7.4,bs qh -3.9 0.0 6.0 45 dqh 0 0 0 0.5 np 10 mn 50000
251,051033,measure,-4.0 0.0 6.0,45.0,49.5,0.5,10,10,50000,27-Jun-24 03:28:23,10.1,2.7,7.4,bs qh -4.0 0.0 6.0 45 dqh 0 0 0 0.5 np 10 mn 50000
252,051034,measure,0.0 0.0 5.0,45.0,49.5,0.5,10,10,50000,27-Jun-24 03:38:29,9.4,2.0,7.4,bs qh 0.0 0.0 5.0 45 dqh 0 0 0 0.5 np 10 mn 50000
253,051035,measure,0.1 0.0 5.0,45.0,49.5,0.5,10,10,50000,27-Jun-24 03:47:51,9.4,2.0,7.4,bs qh 0.1 0.0 5.0 45 dqh 0 0 0 0.5 np 10 mn 50000
254,051036,measure,0.2 0.0 5.0,45.0,49.5,0.5,10,10,50000,27-Jun-24 03:57:13,9.4,2.0,7.4,bs qh 0.2 0.0 5.0 45 dqh 0 0 0 0.5 np 10 mn 50000
255,051037,measure,0.3 0.0 5.0,45.0,49.5,0.5,10,10,50000,27-Jun-24 04:06:36,9.4,2.0,7.4,bs qh 0.3 0.0 5.0 45 dqh 0 0 0 0.5 np 10 mn 50000
256,051038,measure,0.4 0.0 5.0,45.0,49.5,0.5,10,10,50000,27-Jun-24 04:16:00,9.4,2.0,7.4,bs qh 0.4 0.0 5.0 45 dqh 0 0 0 0.5 np 10 mn 50000
257,051039,measure,0.5 0.0 5.0,45.0,49.5,0.5,10,10,50000,27-Jun-24 04:25:23,9.4,2.0,7.4,bs qh 0.5 0.0 5.0 45 dqh 0 0 0 0.5 np 10 mn 50000
258,051040,measure,0.6 0.0 5.0,45.0,49.5,0.5,10,10,50000,27-Jun-24 04:34:48,9.4,2.0,7.4,bs qh 0.6 0.0 5.0 45 dqh 0 0 0 0.5 np 10 mn 50000
259,051041,measure,0.7 0.0 5.0,45.0,49.5,0.5,10,10,50000,27-Jun-24 04:44:11,9.4,2.0,7.4,bs qh 0.7 0.0 5.0 45 dqh 0 0 0 0.5 np 10 mn 50000
260,051042,measure,0.8 0.0 5.0,45.0,49.5,0.5,10,10,50000,27-Jun-24 04:53:34,9.4,2.0,7.4,bs qh 0.8 0.0 5.0 45 dqh 0 0 0 0.5 np 10 mn 50000
261,051043,measure,0.9 0.0 5.0,45.0,49.5,0.5,10,10,50000,27-Jun-24 05:03:01,9.4,2.0,7.4,bs qh 0.9 0.0 5.0 45 dqh 0 0 0 0.5 np 10 mn 50000
262,051044,measure,1.0 0.0 5.0,45.0,49.5,0.5,10,10,50000,27-Jun-24 05:12:26,9.2,1.8,7.4,bs qh 1.0 0.0 5.0 45 dqh 0 0 0 0.5 np 10 mn 50000
263,051045,measure,0.0 0.0 5.0,45.0,49.5,0.5,10,10,40000,27-Jun-24 05:21:35,7.9,2.0,5.9,bs qh 0.0 0.0 5.0 45 dqh 0 0 0 0.5 np 10 mn 40000
264,051046,measure,0.1 0.0 5.0,45.0,49.5,0.5,10,10,40000,27-Jun-24 05:29:30,7.9,2.0,5.9,bs qh 0.1 0.0 5.0 45 dqh 0 0 0 0.5 np 10 mn 40000
265,051047,measure,0.2 0.0 5.0,45.0,49.5,0.5,10,10,40000,27-Jun-24 05:37:24,7.9,2.0,5.9,bs qh 0.2 0.0 5.0 45 dqh 0 0 0 0.5 np 10 mn 40000
266,051048,measure,0.3 0.0 5.0,45.0,49.5,0.5,10,10,40000,27-Jun-24 05:45:20,7.9,2.0,5.9,bs qh 0.3 0.0 5.0 45 dqh 0 0 0 0.5 np 10 mn 40000
267,051049,measure,0.4 0.0 5.0,45.0,49.5,0.5,10,10,40000,27-Jun-24 05:53:15,7.9,2.0,5.9,bs qh 0.4 0.0 5.0 45 dqh 0 0 0 0.5 np 10 mn 40000
268,051050,measure,0.5 0.0 5.0,45.0,49.5,0.5,10,10,40000,27-Jun-24 06:01:09,8.0,2.1,5.9,bs qh 0.5 0.0 5.0 45 dqh 0 0 0 0.5 np 10 mn 40000
269,051051,measure,0.6 0.0 5.0,45.0,49.5,0.5,10,10,40000,27-Jun-24 06:09:06,7.9,2.0,5.9,bs qh 0.6 0.0 5.0 45 dqh 0 0 0 0.5 np 10 mn 40000
270,051052,measure,0.7 0.0 5.0,45.0,49.5,0.5,10,10,40000,27-Jun-24 06:17:00,7.9,2.0,5.9,bs qh 0.7 0.0 5.0 45 dqh 0 0 0 0.5 np 10 mn 40000
271,051053,measure,0.8 0.0 5.0,45.0,49.5,0.5,10,10,40000,27-Jun-24 06:24:56,8.0,2.1,5.9,bs qh 0.8 0.0 5.0 45 dqh 0 0 0 0.5 np 10 mn 40000
272,051054,measure,0.9 0.0 5.0,45.0,49.5,0.5,10,10,40000,27-Jun-24 06:32:54,8.0,2.1,5.9,bs qh 0.9 0.0 5.0 45 dqh 0 0 0 0.5 np 10 mn 40000
273,051055,measure,1.0 0.0 5.0,45.0,49.5,0.5,10,10,40000,27-Jun-24 06:40:51,8.6,2.7,5.9,bs qh 1.0 0.0 5.0 45 dqh 0 0 0 0.5 np 10 mn 40000
274,051056,measure,-3.0 0.0 6.0,45.0,49.5,0.5,10,10,40000,27-Jun-24 06:49:29,8.1,2.2,5.9,bs qh -3.0 0.0 6.0 45 dqh 0 0 0 0.5 np 10 mn 40000
275,051057,measure,-3.1 0.0 6.0,45.0,49.5,0.5,10,10,40000,27-Jun-24 06:57:33,8.1,2.2,5.9,bs qh -3.1 0.0 6.0 45 dqh 0 0 0 0.5 np 10 mn 40000
276,051058,measure,-3.2 0.0 6.0,45.0,49.5,0.5,10,10,40000,27-Jun-24 07:05:38,8.1,2.2,5.9,bs qh -3.2 0.0 6.0 45 dqh 0 0 0 0.5 np 10 mn 40000
277,051059,measure,-3.3 0.0 6.0,45.0,49.5,0.5,10,10,40000,27-Jun-24 07:13:43,8.1,2.2,5.9,bs qh -3.3 0.0 6.0 45 dqh 0 0 0 0.5 np 10 mn 40000
278,051060,measure,-3.4 0.0 6.0,45.0,49.5,0.5,10,10,40000,27-Jun-24 07:21:47,8.1,2.2,5.9,bs qh -3.4 0.0 6.0 45 dqh 0 0 0 0.5 np 10 mn 40000
279,051061,measure,-3.5 0.0 6.0,45.0,49.5,0.5,10,10,40000,27-Jun-24 07:29:52,8.1,2.2,5.9,bs qh -3.5 0.0 6.0 45 dqh 0 0 0 0.5 np 10 mn 40000
280,051062,measure,-3.6 0.0 6.0,45.0,49.5,0.5,10,10,40000,27-Jun-24 07:37:56,8.1,2.2,5.9,bs qh -3.6 0.0 6.0 45 dqh 0 0 0 0.5 np 10 mn 40000
281,051063,measure,-3.7 0.0 6.0,45.0,49.5,0.5,10,10,40000,27-Jun-24 07:46:01,8.1,2.2,5.9,bs qh -3.7 0.0 6.0 45 dqh 0 0 0 0.5 np 10 mn 40000
282,051064,measure,-3.8 0.0 6.0,45.0,49.5,0.5,10,10,40000,27-Jun-24 07:54:05,8.0,2.1,5.9,bs qh -3.8 0.0 6.0 45 dqh 0 0 0 0.5 np 10 mn 40000
283,051065,measure,-3.9 0.0 6.0,45.0,49.5,0.5,10,10,40000,27-Jun-24 08:02:08,8.1,2.2,5.9,bs qh -3.9 0.0 6.0 45 dqh 0 0 0 0.5 np 10 mn 40000
284,051066,measure,-4.0 0.0 6.0,45.0,49.5,0.5,10,10,40000,27-Jun-24 08:10:12,93.8,87.9,5.9,bs qh -4.0 0.0 6.0 45 dqh 0 0 0 0.5 np 10 mn 40000
285,051067,measure,15.0 0.0 0.0,70.0,80.0,0.5,21,3,50000,27-Jun-24 09:43:59,3.8,0.9,2.9,bs qh 15.0 0.0 0.0 70 dqh 0 0 0 0.5 np 21 mn 50000
286,051068,measure,15.0 0.0 0.0,65.0,75.0,0.5,21,18,50000,27-Jun-24 09:47:50,23.8,3.9,19.9,bs qh 15.0 0.0 0.0 65 dqh 0 0 0 0.5 np 21 mn 50000
287,051069,measure,15.0 0.0 0.0,65.0,75.0,0.5,21,2,50000,27-Jun-24 10:11:35,0.0,0.0,1.6,bs qh 15.0 0.0 0.0 65 dqh 0 0 0 0.5 np 21 mn 50000
